account_id,account_name,industry,plan_tier,churn_risk_score,churn_risk_category,crosssell_opportunity_score,crosssell_recommendation,escalation_risk_score,engagement_level,escalation_health_status,next_best_action
A-2e4581,Company_0,EdTech,Basic,0.081695765,Low,0.3400000000000001,Medium Priority,0.0,Low,Healthy,Monitor
A-43a9e3,Company_1,FinTech,Basic,0.89050615,High,0.6513333333333333,High Priority,0.0,Low,Monitor,URGENT: Rescue Call
A-0a282f,Company_2,DevTools,Basic,0.017599845,Low,0.6120000000000001,High Priority,0.0,Low,Monitor,Monitor
A-1f0ac7,Company_3,HealthTech,Basic,0.10257646,Low,0.5333333333333334,Medium Priority,0.0,Low,Healthy,Monitor
A-ce550d,Company_4,HealthTech,Enterprise,0.95393676,High,0.71,High Priority,1.0,Low,Escalation Risk,URGENT: Rescue Call
A-1b9609,Company_5,EdTech,Enterprise,0.17223717,Low,0.48933333333333334,Medium Priority,0.0,Low,Monitor,Monitor
A-a0ca4e,Company_6,Cybersecurity,Pro,0.046120223,Low,0.48033333333333333,Medium Priority,1.0,Low,Escalation Risk,Monitor
A-e5d6ab,Company_7,EdTech,Pro,0.030208105,Low,0.6070000000000001,High Priority,0.0,Low,Monitor,Monitor
A-7dacce,Company_8,Cybersecurity,Enterprise,0.93236387,High,0.29600000000000004,Low Priority,0.0,Low,Monitor,URGENT: Rescue Call
A-10b8da,Company_9,DevTools,Enterprise,0.93366456,High,0.3986666666666666,Medium Priority,0.0,Low,Monitor,URGENT: Rescue Call
A-592832,Company_10,Cybersecurity,Basic,0.0226286,Low,0.31600000000000006,Medium Priority,0.0,Low,Monitor,Monitor
A-d40bf7,Company_11,FinTech,Basic,0.06618504,Low,0.9199999999999999,High Priority,0.0,Low,Healthy,Upsell Meeting
A-6c093d,Company_12,DevTools,Basic,0.08833329,Low,0.6120000000000001,High Priority,0.0,Low,Monitor,Monitor
A-462d45,Company_13,Cybersecurity,Enterprise,0.39285186,Medium,0.29600000000000004,Low Priority,0.0,Low,Monitor,Monitor
A-956988,Company_14,EdTech,Enterprise,0.020025538,Low,0.37133333333333335,Medium Priority,0.0,Low,Healthy,Monitor
A-ac14bb,Company_15,FinTech,Enterprise,0.15396422,Low,0.8,High Priority,0.0,Low,Healthy,Upsell Meeting
A-463db0,Company_16,HealthTech,Basic,0.02289064,Low,0.3340000000000001,Medium Priority,1.0,Low,Escalation Risk,Monitor
A-ce66f8,Company_17,EdTech,Pro,0.013873443,Low,0.5223333333333334,Medium Priority,1.0,Low,Escalation Risk,Monitor
A-c4ea60,Company_18,FinTech,Enterprise,0.41903576,Medium,0.5920000000000001,Medium Priority,0.0,Low,Monitor,Check-in Call
A-832ec2,Company_19,FinTech,Enterprise,0.8764849,High,0.29600000000000004,Low Priority,0.0,Low,Monitor,URGENT: Rescue Call
A-684255,Company_20,FinTech,Enterprise,0.044516366,Low,0.48933333333333334,Medium Priority,0.0,Low,Monitor,Monitor
A-c42f1f,Company_21,HealthTech,Pro,0.08334092,Low,0.3896666666666667,Medium Priority,1.0,Low,Escalation Risk,Monitor
A-4e44e8,Company_22,DevTools,Enterprise,0.9322431,High,0.5920000000000001,Medium Priority,0.0,Low,Monitor,URGENT: Rescue Call
A-30b4ca,Company_23,EdTech,Basic,0.17339067,Low,0.8959999999999999,High Priority,0.0,Low,Monitor,Upsell Meeting
A-9f2731,Company_24,FinTech,Enterprise,0.017702628,Low,0.5680000000000001,Medium Priority,0.0,Low,,Monitor
A-32fb14,Company_25,DevTools,Enterprise,0.29967955,Low,0.5406666666666667,Medium Priority,0.0,Low,Monitor,Monitor
A-00cac8,Company_26,HealthTech,Enterprise,0.12727101,Low,0.6160000000000001,High Priority,0.0,Low,Healthy,Monitor
A-35083d,Company_27,HealthTech,Basic,0.9579732,High,0.754,High Priority,0.0,Low,Monitor,URGENT: Rescue Call
A-eb7fac,Company_28,DevTools,Enterprise,0.0653061,Low,0.3986666666666666,Medium Priority,0.0,Low,Monitor,Monitor
A-b20d99,Company_29,HealthTech,Basic,0.041485276,Low,0.6360000000000001,High Priority,0.0,Low,Healthy,Monitor
A-396e5f,Company_30,Cybersecurity,Enterprise,0.306477,Medium,0.29600000000000004,Low Priority,0.0,Low,Monitor,Monitor
A-45ce7a,Company_31,FinTech,Enterprise,0.28202072,Low,0.48933333333333334,Medium Priority,0.0,Low,Monitor,Monitor
A-08e34e,Company_32,EdTech,Basic,0.9519151,High,0.31600000000000006,Medium Priority,0.0,Low,Monitor,URGENT: Rescue Call
A-8145a0,Company_33,Cybersecurity,Basic,0.025443945,Low,0.29200000000000004,Low Priority,1.0,Low,Escalation Risk,Monitor
A-bad8c1,Company_34,FinTech,Basic,0.053154442,Low,0.3400000000000001,Medium Priority,0.0,Low,Healthy,Monitor
A-44dc83,Company_35,EdTech,Basic,0.017924294,Low,0.48533333333333334,Medium Priority,1.0,Low,Escalation Risk,Monitor
A-f446b6,Company_36,DevTools,Pro,0.078887746,Low,0.3896666666666667,Medium Priority,1.0,Low,Escalation Risk,Monitor
A-a45270,Company_37,HealthTech,Enterprise,0.0069438545,Low,0.48933333333333334,Medium Priority,0.0,Low,Monitor,Monitor
A-854864,Company_38,FinTech,Enterprise,0.3753942,Medium,0.438,Medium Priority,0.0,Low,Monitor,Monitor
A-1b7577,Company_39,Cybersecurity,Pro,0.13487181,Low,0.4136666666666666,Medium Priority,0.0,Low,Monitor,Monitor
A-05f0e5,Company_40,FinTech,Basic,0.09570411,Low,0.5093333333333333,Medium Priority,0.0,Low,Monitor,Monitor
A-9077b0,Company_41,HealthTech,Basic,0.024976512,Low,0.6120000000000001,High Priority,0.0,Low,Monitor,Monitor
A-7f8241,Company_42,EdTech,Pro,0.9461557,High,0.7216666666666667,High Priority,0.0,Low,Healthy,URGENT: Rescue Call
A-2bc93d,Company_43,HealthTech,Basic,0.030730247,Low,0.5333333333333334,Medium Priority,0.0,Low,Healthy,Monitor
A-f3ff05,Company_44,FinTech,Enterprise,0.012562228,Low,0.5920000000000001,Medium Priority,0.0,Low,Monitor,Monitor
A-2d4502,Company_45,FinTech,Basic,0.07444767,Low,0.5093333333333333,Medium Priority,0.0,Low,Monitor,Monitor
A-6a4e2d,Company_46,EdTech,Pro,0.110181585,Low,0.377,Medium Priority,0.0,Low,Healthy,Monitor
A-eb7c38,Company_47,DevTools,Enterprise,0.07501362,Low,0.29600000000000004,Low Priority,0.0,Low,Monitor,Monitor
A-c37601,Company_48,EdTech,Basic,0.028625965,Low,0.6120000000000001,High Priority,0.0,Low,Monitor,Monitor
A-3b5cd1,Company_49,FinTech,Basic,0.03729816,Low,0.31600000000000006,Medium Priority,0.0,Low,Monitor,Monitor
A-b2225d,Company_50,FinTech,Basic,0.03232146,Low,0.9199999999999999,High Priority,0.0,Low,Healthy,Upsell Meeting
A-94f8c9,Company_51,HealthTech,Basic,0.026802346,Low,0.5093333333333333,Medium Priority,0.0,Low,Monitor,Monitor
A-02fac6,Company_52,FinTech,Pro,0.15348715,Low,0.725,High Priority,1.0,Low,Escalation Risk,Monitor
A-c1dfe1,Company_53,DevTools,Pro,0.4086865,Medium,0.749,High Priority,0.0,Low,Monitor,Check-in Call
A-32728c,Company_54,DevTools,Pro,0.95227915,High,0.6310000000000001,High Priority,0.0,Low,Healthy,URGENT: Rescue Call
A-4c38bc,Company_55,HealthTech,Basic,0.021508934,Low,0.7026666666666668,High Priority,0.0,Low,Monitor,Monitor
A-1b707d,Company_56,Cybersecurity,Enterprise,0.13422373,Low,0.45,Medium Priority,0.0,Low,Monitor,Monitor
A-6f8ad2,Company_57,EdTech,Basic,0.10150141,Low,0.2766666666666667,Low Priority,0.0,Low,Monitor,Monitor
A-4d1e75,Company_58,DevTools,Basic,0.19997409,Low,0.44266666666666665,Medium Priority,0.0,Low,Healthy,Monitor
A-9ee962,Company_59,HealthTech,Basic,0.062195245,Low,0.5093333333333333,Medium Priority,0.0,Low,Monitor,Monitor
A-378b99,Company_60,EdTech,Pro,0.03523221,Low,0.5830000000000001,Medium Priority,1.0,Low,Escalation Risk,Monitor
A-94d3da,Company_61,HealthTech,Basic,0.11828007,Low,0.8720000000000001,High Priority,1.0,Low,Escalation Risk,Upsell Meeting
A-e351e1,Company_62,EdTech,Enterprise,0.02743164,Low,0.8759999999999999,High Priority,0.0,Low,Monitor,Upsell Meeting
A-9badbd,Company_63,Cybersecurity,Enterprise,0.30333334,Medium,0.3986666666666666,Medium Priority,0.0,Low,Monitor,Monitor
A-7e0a10,Company_64,FinTech,Enterprise,0.016326752,Low,0.6826666666666668,High Priority,0.0,Low,Monitor,Monitor
A-118d55,Company_65,Cybersecurity,Basic,0.036685776,Low,0.5093333333333333,Medium Priority,0.0,Low,Monitor,Monitor
A-526d93,Company_66,HealthTech,Basic,0.031668082,Low,0.6,Medium Priority,0.0,Low,Monitor,Monitor
A-f92792,Company_67,FinTech,Pro,0.048950564,Low,0.3350000000000001,Medium Priority,0.0,Low,Healthy,Monitor
A-84ebe4,Company_68,FinTech,Pro,0.07488723,Low,0.4136666666666666,Medium Priority,0.0,Low,Monitor,Monitor
A-5b4ebb,Company_69,Cybersecurity,Basic,0.923281,High,0.6026666666666667,High Priority,0.0,Low,Monitor,URGENT: Rescue Call
A-2922b6,Company_70,HealthTech,Basic,0.030850837,Low,0.4846666666666667,Medium Priority,0.0,Low,Healthy,Monitor
A-9b9fe9,Company_71,EdTech,Basic,0.139156,Low,0.31600000000000006,Medium Priority,0.0,Low,Monitor,Monitor
A-a8b49c,Company_72,Cybersecurity,Basic,0.43203828,Medium,0.3400000000000001,Medium Priority,0.0,Low,Healthy,Check-in Call
A-9174e0,Company_73,Cybersecurity,Basic,0.033728268,Low,0.524,Medium Priority,0.0,Low,Healthy,Monitor
A-a1bbb6,Company_74,DevTools,Basic,0.011740013,Low,0.6120000000000001,High Priority,0.0,Low,Monitor,Monitor
A-c45b23,Company_75,FinTech,Basic,0.12551452,Low,0.41866666666666663,Medium Priority,0.0,Low,Monitor,Monitor
A-02cd81,Company_76,HealthTech,Basic,0.07394165,Low,0.7026666666666668,High Priority,0.0,Low,Monitor,Monitor
A-ee42db,Company_77,EdTech,Enterprise,0.03372949,Low,0.48933333333333334,Medium Priority,0.0,Low,Monitor,Monitor
A-432483,Company_78,Cybersecurity,Pro,0.058446165,Low,0.3350000000000001,Medium Priority,0.0,Low,Healthy,Monitor
A-9208f0,Company_79,EdTech,Pro,0.060984228,Low,0.441,Medium Priority,1.0,Low,Escalation Risk,Monitor
A-98a59a,Company_80,FinTech,Enterprise,0.33569932,Medium,0.8759999999999999,High Priority,0.0,Low,Monitor,Upsell Meeting
A-fe79a5,Company_81,HealthTech,Basic,0.77455556,High,0.31600000000000006,Medium Priority,0.0,Low,Monitor,URGENT: Rescue Call
A-726cfa,Company_82,DevTools,Pro,0.015919287,Low,0.4136666666666666,Medium Priority,0.0,Low,Monitor,Monitor
A-c43359,Company_83,FinTech,Pro,0.22659832,Low,0.8909999999999999,High Priority,0.0,Low,Monitor,Upsell Meeting
A-271f46,Company_84,DevTools,Pro,0.92891586,High,0.773,High Priority,0.0,Low,Healthy,URGENT: Rescue Call
A-157070,Company_85,FinTech,Pro,0.0629506,Low,0.5556666666666668,Medium Priority,0.0,Low,Monitor,Monitor
A-40a557,Company_86,Cybersecurity,Pro,0.049085066,Low,0.6223333333333334,High Priority,1.0,Low,Escalation Risk,Monitor
A-66224b,Company_87,HealthTech,Pro,0.063114285,Low,0.5710000000000001,Medium Priority,0.98,Low,Escalation Risk,Monitor
A-91e948,Company_88,EdTech,Basic,0.03717776,Low,0.8720000000000001,High Priority,0.0,Low,,Upsell Meeting
A-104f1a,Company_89,Cybersecurity,Pro,0.02064449,Low,0.595,Medium Priority,0.0,Low,Monitor,Monitor
A-7988d1,Company_90,Cybersecurity,Basic,0.096324794,Low,0.8959999999999999,High Priority,0.0,Low,Monitor,Upsell Meeting
A-faa28c,Company_91,HealthTech,Enterprise,0.049324397,Low,0.7733333333333334,High Priority,0.0,Low,Monitor,Upsell Meeting
A-f25509,Company_92,EdTech,Enterprise,0.016691668,Low,0.7493333333333334,High Priority,1.0,Low,Escalation Risk,Monitor
A-3a7284,Company_93,FinTech,Enterprise,0.05678397,Low,0.7733333333333334,High Priority,0.0,Low,Monitor,Upsell Meeting
A-3a5ad8,Company_94,HealthTech,Enterprise,0.07624252,Low,0.29600000000000004,Low Priority,0.0,Low,Monitor,Monitor
A-65a46c,Company_95,HealthTech,Pro,0.1376533,Low,0.28700000000000003,Low Priority,1.0,Low,Escalation Risk,Monitor
A-8b25f2,Company_96,Cybersecurity,Pro,0.94858193,High,0.3350000000000001,Medium Priority,0.0,Low,Healthy,URGENT: Rescue Call
A-fabe19,Company_97,DevTools,Enterprise,0.051933166,Low,0.29600000000000004,Low Priority,0.0,Low,Monitor,Monitor
A-adc1f3,Company_98,Cybersecurity,Pro,0.02172204,Low,0.6070000000000001,High Priority,0.0,Low,Monitor,Monitor
A-503d5a,Company_99,FinTech,Enterprise,0.9359743,High,0.3746666666666667,Medium Priority,1.0,Low,Escalation Risk,URGENT: Rescue Call
A-fd7ad3,Company_100,Cybersecurity,Enterprise,0.063675836,Low,0.13,Low Priority,1.0,Low,Escalation Risk,Monitor
A-186a44,Company_101,HealthTech,Enterprise,0.052989524,Low,0.71,High Priority,1.0,Low,Escalation Risk,Monitor
A-e888d1,Company_102,Cybersecurity,Pro,0.1376999,Low,0.749,High Priority,0.0,Low,Monitor,Monitor
A-69fad4,Company_103,FinTech,Basic,0.7748539,High,0.6120000000000001,High Priority,0.0,Low,Monitor,URGENT: Rescue Call
A-9289f6,Company_104,EdTech,Enterprise,0.068555154,Low,0.5680000000000001,Medium Priority,1.0,Low,Escalation Risk,Monitor
A-f19409,Company_105,DevTools,Basic,0.91200876,High,0.458,Medium Priority,0.0,Low,Monitor,URGENT: Rescue Call
A-22f2df,Company_106,DevTools,Basic,0.069317,Low,0.41866666666666663,Medium Priority,0.0,Low,Monitor,Monitor
A-039727,Company_107,EdTech,Pro,0.02109219,Low,0.8670000000000001,High Priority,0.0,Low,,Upsell Meeting
A-2e3bad,Company_108,FinTech,Pro,0.06101784,Low,0.7883333333333334,High Priority,0.0,Low,Monitor,Upsell Meeting
A-484819,Company_109,HealthTech,Pro,0.03900492,Low,0.31100000000000005,Medium Priority,0.0,Low,Monitor,Monitor
A-425e76,Company_110,DevTools,Enterprise,0.9301337,High,0.5920000000000001,Medium Priority,0.0,Low,Monitor,URGENT: Rescue Call
A-e83938,Company_111,DevTools,Pro,0.9332576,High,0.31100000000000005,Medium Priority,0.0,Low,Monitor,URGENT: Rescue Call
A-ad296b,Company_112,DevTools,Pro,0.028398033,Low,0.595,Medium Priority,0.0,Low,Monitor,Monitor
A-e51ec7,Company_113,FinTech,Enterprise,0.03474036,Low,0.48933333333333334,Medium Priority,0.0,Low,Monitor,Monitor
A-0aaf6e,Company_114,FinTech,Enterprise,0.028402513,Low,0.48933333333333334,Medium Priority,0.0,Low,Monitor,Monitor
A-e61e98,Company_115,FinTech,Enterprise,0.9606719,High,0.4653333333333333,Medium Priority,1.0,Low,Escalation Risk,URGENT: Rescue Call
A-92a333,Company_116,FinTech,Enterprise,0.02625284,Low,0.33799999999999997,Medium Priority,0.0,Low,Monitor,Monitor
A-95b24a,Company_117,FinTech,Pro,0.9134488,High,0.8909999999999999,High Priority,0.0,Low,Monitor,URGENT: Rescue Call
A-42e5e1,Company_118,DevTools,Pro,0.8950232,High,0.4136666666666666,Medium Priority,0.0,Low,Monitor,URGENT: Rescue Call
A-7d514c,Company_119,HealthTech,Enterprise,0.091368526,Low,0.29600000000000004,Low Priority,0.0,Low,Monitor,Monitor
A-65aeb5,Company_120,DevTools,Pro,0.087928794,Low,0.6730000000000002,High Priority,0.0,Low,Healthy,Monitor
A-e2cd1b,Company_121,DevTools,Enterprise,0.037626296,Low,0.734,High Priority,0.0,Low,Monitor,Monitor
A-180abf,Company_122,DevTools,Pro,0.1728053,Low,0.8909999999999999,High Priority,0.0,Low,Monitor,Upsell Meeting
A-f17767,Company_123,DevTools,Enterprise,0.9109435,High,0.45,Medium Priority,0.0,Low,Monitor,URGENT: Rescue Call
A-5a184f,Company_124,DevTools,Enterprise,0.95418286,High,0.3473333333333334,Medium Priority,0.0,Low,Monitor,URGENT: Rescue Call
A-7df7a7,Company_125,DevTools,Basic,0.9412993,High,0.5093333333333333,Medium Priority,0.0,Low,Monitor,URGENT: Rescue Call
A-1ac5e0,Company_126,DevTools,Basic,0.97055703,High,0.5760000000000001,Medium Priority,1.0,Low,Escalation Risk,URGENT: Rescue Call
A-52dd88,Company_127,Cybersecurity,Pro,0.083784595,Low,0.4796666666666667,Medium Priority,0.0,Low,Healthy,Monitor
A-bece89,Company_128,Cybersecurity,Pro,0.044426948,Low,0.6976666666666668,High Priority,0.0,Low,Monitor,Monitor
A-029f69,Company_129,Cybersecurity,Basic,0.049658366,Low,0.44266666666666665,Medium Priority,0.0,Low,Healthy,Monitor
A-5c046d,Company_130,EdTech,Basic,0.025011802,Low,0.8173333333333335,High Priority,0.0,Low,Healthy,Upsell Meeting
A-fb186e,Company_131,EdTech,Basic,0.07586676,Low,0.3946666666666667,Medium Priority,1.0,Low,Escalation Risk,Monitor
A-ae052e,Company_132,FinTech,Basic,0.06591922,Low,0.5,Medium Priority,0.0,Low,Monitor,Monitor
A-9f9299,Company_133,FinTech,Enterprise,0.08845849,Low,0.438,Medium Priority,0.0,Low,Monitor,Monitor
A-96e141,Company_134,DevTools,Basic,0.36529028,Medium,0.6513333333333333,High Priority,0.0,Low,Monitor,Monitor
A-117171,Company_135,HealthTech,Basic,0.9397377,High,0.5760000000000001,Medium Priority,1.0,Low,Escalation Risk,URGENT: Rescue Call
A-313be3,Company_136,EdTech,Enterprise,0.077983946,Low,0.8759999999999999,High Priority,0.0,Low,Monitor,Upsell Meeting
A-671f31,Company_137,DevTools,Basic,0.3395463,Medium,0.6786666666666666,High Priority,1.0,Low,Escalation Risk,Monitor
A-bbc346,Company_138,FinTech,Enterprise,0.03423976,Low,0.5406666666666667,Medium Priority,0.0,Low,Monitor,Monitor
A-c16101,Company_139,EdTech,Basic,0.06482807,Low,0.5093333333333333,Medium Priority,0.0,Low,Monitor,Monitor
A-50f3f7,Company_140,HealthTech,Basic,0.96803045,High,0.8720000000000001,High Priority,1.0,Low,Escalation Risk,URGENT: Rescue Call
A-7da956,Company_141,Cybersecurity,Pro,0.12087844,Low,0.45566666666666666,Medium Priority,0.0,Low,Monitor,Monitor
A-019782,Company_142,DevTools,Enterprise,0.073030904,Low,0.5553333333333335,Medium Priority,0.0,Low,Healthy,Monitor
A-df10db,Company_143,DevTools,Enterprise,0.055242173,Low,0.5133333333333334,Medium Priority,0.0,Low,Healthy,Monitor
A-3932db,Company_144,HealthTech,Pro,0.9650867,High,0.5316666666666667,Medium Priority,1.0,Low,Escalation Risk,URGENT: Rescue Call
A-4f18f0,Company_145,DevTools,Pro,0.21554048,Low,0.6070000000000001,High Priority,0.0,Low,Monitor,Monitor
A-4c6f11,Company_146,FinTech,Pro,0.94223815,High,0.749,High Priority,0.0,Low,Monitor,URGENT: Rescue Call
A-8ae05d,Company_147,FinTech,Enterprise,0.022071762,Low,0.7973333333333334,High Priority,0.0,Low,Healthy,Upsell Meeting
A-b78bf8,Company_148,DevTools,Pro,0.025712382,Low,0.6490000000000001,High Priority,0.0,Low,Monitor,Monitor
A-eafc6e,Company_149,DevTools,Pro,0.9466121,High,0.773,High Priority,0.0,Low,Healthy,URGENT: Rescue Call
A-37f969,Company_150,HealthTech,Enterprise,0.07656859,Low,0.7733333333333334,High Priority,0.0,Low,Monitor,Upsell Meeting
A-10b8f2,Company_151,HealthTech,Basic,0.09030383,Low,0.8959999999999999,High Priority,0.0,Low,Monitor,Upsell Meeting
A-439b2f,Company_152,DevTools,Enterprise,0.021879992,Low,0.3473333333333334,Medium Priority,0.0,Low,Monitor,Monitor
A-544d0a,Company_153,DevTools,Basic,0.0067172856,Low,0.5333333333333334,Medium Priority,0.0,Low,Healthy,Monitor
A-ba6516,Company_154,FinTech,Pro,0.046440005,Low,0.7643333333333334,High Priority,1.0,Low,Escalation Risk,Upsell Meeting
A-712426,Company_155,HealthTech,Enterprise,0.083344676,Low,0.5680000000000001,Medium Priority,1.0,Low,Escalation Risk,Monitor
A-038089,Company_156,DevTools,Pro,0.9511148,High,0.28700000000000003,Low Priority,1.0,Low,Escalation Risk,URGENT: Rescue Call
A-afa505,Company_157,DevTools,Basic,0.04256617,Low,0.8959999999999999,High Priority,0.0,Low,Monitor,Upsell Meeting
A-d5a319,Company_158,FinTech,Enterprise,0.82198834,High,0.6160000000000001,High Priority,0.0,Low,Healthy,URGENT: Rescue Call
A-f97b9a,Company_159,FinTech,Pro,0.053906206,Low,0.32900000000000007,Medium Priority,0.98,Low,Escalation Risk,Monitor
A-2f6a32,Company_160,HealthTech,Basic,0.094278224,Low,0.778,High Priority,0.0,Low,Healthy,Upsell Meeting
A-856b1e,Company_161,FinTech,Basic,0.06512604,Low,0.31600000000000006,Medium Priority,0.0,Low,Monitor,Monitor
A-17939a,Company_162,HealthTech,Basic,0.035794087,Low,0.3946666666666667,Medium Priority,1.0,Low,Escalation Risk,Monitor
A-d27f50,Company_163,Cybersecurity,Enterprise,0.504212,Medium,0.7733333333333334,High Priority,0.0,Low,Monitor,Upsell Meeting
A-e36807,Company_164,EdTech,Pro,0.121845774,Low,0.3350000000000001,Medium Priority,0.0,Low,Healthy,Monitor
A-ff79f2,Company_165,DevTools,Basic,0.9614411,High,0.6360000000000001,High Priority,0.0,Low,Healthy,URGENT: Rescue Call
A-5b1bcd,Company_166,DevTools,Pro,0.095387064,Low,0.8909999999999999,High Priority,0.0,Low,Monitor,Upsell Meeting
A-71615e,Company_167,EdTech,Basic,0.011641106,Low,0.6753333333333333,High Priority,0.0,Low,Healthy,Monitor
A-794a0b,Company_168,HealthTech,Basic,0.11521729,Low,0.43400000000000005,Medium Priority,0.0,Low,,Monitor
A-86902e,Company_169,HealthTech,Enterprise,0.036197774,Low,0.6586666666666666,High Priority,1.0,Low,Escalation Risk,Monitor
A-0532a9,Company_170,FinTech,Pro,0.09419961,Low,0.6643333333333333,High Priority,1.0,Low,Escalation Risk,Monitor
A-9779ad,Company_171,Cybersecurity,Pro,0.9325955,High,0.6070000000000001,High Priority,0.0,Low,Monitor,URGENT: Rescue Call
A-f45426,Company_172,HealthTech,Basic,0.018111335,Low,0.5513333333333335,Medium Priority,0.0,Low,Monitor,Monitor
A-c1e51e,Company_173,FinTech,Basic,0.059034906,Low,0.41866666666666663,Medium Priority,0.0,Low,Monitor,Monitor
A-fa3095,Company_174,FinTech,Basic,0.1546992,Low,0.7933333333333334,High Priority,0.0,Low,Monitor,Upsell Meeting
A-ad64c6,Company_175,DevTools,Pro,0.062277544,Low,0.5043333333333333,Medium Priority,0.0,Low,Monitor,Monitor
A-39b19f,Company_176,FinTech,Enterprise,0.011009308,Low,0.5680000000000001,Medium Priority,1.0,Low,Escalation Risk,Monitor
A-56962b,Company_177,EdTech,Enterprise,0.016227044,Low,0.58,Medium Priority,0.0,Low,Monitor,Monitor
A-e60f9d,Company_178,FinTech,Basic,0.43084583,Medium,0.6360000000000001,High Priority,0.0,Low,Healthy,Check-in Call
A-88c6ca,Company_179,FinTech,Basic,0.9129901,High,0.5333333333333334,Medium Priority,0.0,Low,Healthy,URGENT: Rescue Call
A-158f4e,Company_180,FinTech,Enterprise,0.57140416,Medium,0.734,High Priority,0.0,Low,Monitor,Check-in Call
A-5b051a,Company_181,Cybersecurity,Enterprise,0.024729377,Low,0.5646666666666667,Medium Priority,0.0,Low,Healthy,Monitor
A-296d7c,Company_182,DevTools,Enterprise,0.029893674,Low,0.48933333333333334,Medium Priority,0.0,Low,Monitor,Monitor
A-1619f8,Company_183,DevTools,Pro,0.68712324,High,0.749,High Priority,0.0,Low,Monitor,Check-in Call
A-a1b80b,Company_184,HealthTech,Basic,0.015027503,Low,0.31600000000000006,Medium Priority,0.0,Low,Monitor,Monitor
A-139c3b,Company_185,HealthTech,Enterprise,0.9304426,High,0.5680000000000001,Medium Priority,1.0,Low,Escalation Risk,URGENT: Rescue Call
A-702032,Company_186,HealthTech,Pro,0.021394521,Low,0.6463333333333333,High Priority,0.0,Low,Monitor,Monitor
A-7a0d69,Company_187,DevTools,Enterprise,0.45699343,Medium,0.32000000000000006,Medium Priority,0.0,Low,Healthy,Check-in Call
A-22d9d2,Company_188,DevTools,Pro,0.09409288,Low,0.3896666666666667,Medium Priority,1.0,Low,Escalation Risk,Monitor
A-b9eed8,Company_189,Cybersecurity,Basic,0.028789487,Low,0.5513333333333335,Medium Priority,0.0,Low,Monitor,Monitor
A-dfbd31,Company_190,DevTools,Enterprise,0.015359448,Low,0.31400000000000006,Medium Priority,1.0,Low,Escalation Risk,Monitor
A-8e47ca,Company_191,HealthTech,Pro,0.08117219,Low,0.6463333333333333,High Priority,0.0,Low,Monitor,Monitor
A-4437e4,Company_192,Cybersecurity,Enterprise,0.09183156,Low,0.3746666666666667,Medium Priority,1.0,Low,Escalation Risk,Monitor
A-779e4e,Company_193,HealthTech,Basic,0.06938583,Low,0.5093333333333333,Medium Priority,0.0,Low,Monitor,Monitor
A-53f4e3,Company_194,Cybersecurity,Enterprise,0.06594956,Low,0.438,Medium Priority,0.0,Low,Monitor,Monitor
A-692f18,Company_195,EdTech,Basic,0.943257,High,0.6360000000000001,High Priority,0.0,Low,Healthy,URGENT: Rescue Call
A-13466a,Company_196,DevTools,Basic,0.020419486,Low,0.6120000000000001,High Priority,0.0,Low,Monitor,Monitor
A-1986ca,Company_197,HealthTech,Pro,0.019819459,Low,0.725,High Priority,1.0,Low,Escalation Risk,Monitor
A-0cc442,Company_198,EdTech,Basic,0.46827948,Medium,0.7933333333333334,High Priority,0.0,Low,Monitor,Upsell Meeting
A-c608c8,Company_199,DevTools,Pro,0.93932605,High,0.3350000000000001,Medium Priority,0.0,Low,Healthy,URGENT: Rescue Call
A-3be56b,Company_200,HealthTech,Pro,0.94763327,High,0.6070000000000001,High Priority,0.0,Low,Monitor,URGENT: Rescue Call
A-354f12,Company_201,FinTech,Pro,0.118188746,Low,0.193,Low Priority,0.0,Low,Healthy,Monitor
A-68f37c,Company_202,HealthTech,Basic,0.1646868,Low,0.31600000000000006,Medium Priority,0.0,Low,Monitor,Monitor
A-aa9511,Company_203,DevTools,Pro,0.05424195,Low,0.7216666666666667,High Priority,0.0,Low,Healthy,Monitor
A-af0cd2,Company_204,Cybersecurity,Enterprise,0.048496995,Low,0.5826666666666667,Medium Priority,0.0,Low,Monitor,Monitor
A-bd4513,Company_205,DevTools,Enterprise,0.031579662,Low,0.5920000000000001,Medium Priority,0.0,Low,Monitor,Monitor
A-c222ab,Company_206,Cybersecurity,Pro,0.06202607,Low,0.7883333333333334,High Priority,0.0,Low,Monitor,Upsell Meeting
A-34d880,Company_207,Cybersecurity,Enterprise,0.02464887,Low,0.3986666666666666,Medium Priority,0.0,Low,Monitor,Monitor
A-508199,Company_208,FinTech,Basic,0.08761046,Low,0.5606666666666668,Medium Priority,0.0,Low,Monitor,Monitor
A-f03140,Company_209,DevTools,Pro,0.09877658,Low,0.725,High Priority,1.0,Low,Escalation Risk,Monitor
A-410e86,Company_210,FinTech,Basic,0.062284455,Low,0.46066666666666667,Medium Priority,0.0,Low,Monitor,Monitor
A-fa2041,Company_211,HealthTech,Pro,0.01643267,Low,0.43766666666666665,Medium Priority,0.0,Low,Healthy,Monitor
A-de58ca,Company_212,HealthTech,Enterprise,0.029464964,Low,0.33799999999999997,Medium Priority,0.0,Low,Monitor,Monitor
A-05d3b3,Company_213,DevTools,Basic,0.23256566,Low,0.5880000000000001,Medium Priority,1.0,Low,Escalation Risk,Monitor
A-249769,Company_214,Cybersecurity,Enterprise,0.05462493,Low,0.5133333333333334,Medium Priority,0.0,Low,Healthy,Monitor
A-e43bf7,Company_215,Cybersecurity,Pro,0.10588195,Low,0.31100000000000005,Medium Priority,0.0,Low,Monitor,Monitor
A-eb2fdc,Company_216,DevTools,Enterprise,0.1088866,Low,0.29600000000000004,Low Priority,0.0,Low,Monitor,Monitor
A-e1462e,Company_217,FinTech,Basic,0.08455151,Low,0.5333333333333334,Medium Priority,0.0,Low,Healthy,Monitor
A-cab532,Company_218,DevTools,Pro,0.02272195,Low,0.6703333333333333,High Priority,0.0,Low,Healthy,Monitor
A-9123ac,Company_219,Cybersecurity,Pro,0.058803257,Low,0.3896666666666667,Medium Priority,1.0,Low,Escalation Risk,Monitor
A-6e08f3,Company_220,Cybersecurity,Basic,0.10401817,Low,0.6360000000000001,High Priority,0.0,Low,Healthy,Monitor
A-d922bf,Company_221,HealthTech,Basic,0.17152387,Low,0.29200000000000004,Low Priority,1.0,Low,Escalation Risk,Monitor
A-8ed5dd,Company_222,EdTech,Enterprise,0.9189871,High,0.3746666666666667,Medium Priority,1.0,Low,Escalation Risk,URGENT: Rescue Call
A-7c6b6b,Company_223,FinTech,Basic,0.017445125,Low,0.6120000000000001,High Priority,0.0,Low,Monitor,Monitor
A-3c1a3f,Company_224,DevTools,Pro,0.04994025,Low,0.4136666666666666,Medium Priority,0.0,Low,Monitor,Monitor
A-b48f73,Company_225,EdTech,Pro,0.2728373,Low,0.6883333333333334,High Priority,0.0,Low,Monitor,Monitor
A-76fa4d,Company_226,HealthTech,Pro,0.029127859,Low,0.6976666666666668,High Priority,0.0,Low,Monitor,Monitor
A-b2af2e,Company_227,Cybersecurity,Enterprise,0.030227346,Low,0.42266666666666663,Medium Priority,0.0,Low,Healthy,Monitor
A-9bfc9f,Company_228,DevTools,Pro,0.11211496,Low,0.8670000000000001,High Priority,1.0,Low,Escalation Risk,Upsell Meeting
A-4ae22a,Company_229,EdTech,Pro,0.9465664,High,0.4136666666666666,Medium Priority,0.0,Low,Monitor,URGENT: Rescue Call
A-fda07f,Company_230,Cybersecurity,Basic,0.09475091,Low,0.6120000000000001,High Priority,0.0,Low,Monitor,Monitor
A-de24d5,Company_231,DevTools,Enterprise,0.45727652,Medium,0.272,Low Priority,1.0,Low,Escalation Risk,Check-in Call
A-977ca0,Company_232,HealthTech,Basic,0.18891989,Low,0.31600000000000006,Medium Priority,0.0,Low,Monitor,Monitor
A-ab438f,Company_233,Cybersecurity,Enterprise,0.96437156,High,0.32000000000000006,Medium Priority,0.0,Low,Healthy,URGENT: Rescue Call
A-e89151,Company_234,FinTech,Pro,0.42364064,Medium,0.5283333333333334,Medium Priority,0.0,Low,Healthy,Check-in Call
A-40906c,Company_235,EdTech,Basic,0.013664828,Low,0.7026666666666668,High Priority,0.0,Low,Monitor,Monitor
A-81edc3,Company_236,Cybersecurity,Basic,0.062766805,Low,0.6120000000000001,High Priority,0.0,Low,Monitor,Monitor
A-328bd0,Company_237,HealthTech,Enterprise,0.106283076,Low,0.3986666666666666,Medium Priority,0.0,Low,Monitor,Monitor
A-b3fe05,Company_238,Cybersecurity,Pro,0.010498013,Low,0.6070000000000001,High Priority,0.0,Low,Monitor,Monitor
A-09540c,Company_239,Cybersecurity,Basic,0.024250828,Low,0.6240000000000001,High Priority,0.0,Low,Healthy,Monitor
A-e693b6,Company_240,FinTech,Enterprise,0.9281414,High,0.8999999999999999,High Priority,0.0,Low,Healthy,URGENT: Rescue Call
A-2446e3,Company_241,EdTech,Pro,0.031132797,Low,0.8909999999999999,High Priority,0.0,Low,Monitor,Upsell Meeting
A-241e75,Company_242,EdTech,Enterprise,0.013670524,Low,0.5920000000000001,Medium Priority,0.0,Low,Monitor,Monitor
A-922109,Company_243,Cybersecurity,Pro,0.15499958,Low,0.6070000000000001,High Priority,0.0,Low,Monitor,Monitor
A-ff3c73,Company_244,HealthTech,Pro,0.098147385,Low,0.773,High Priority,0.0,Low,Healthy,Upsell Meeting
A-8b0451,Company_245,FinTech,Enterprise,0.010804746,Low,0.5073333333333334,Medium Priority,1.0,Low,Escalation Risk,Monitor
A-331424,Company_246,DevTools,Basic,0.14207329,Low,0.3400000000000001,Medium Priority,0.0,Low,Healthy,Monitor
A-51ec1b,Company_247,DevTools,Enterprise,0.14836447,Low,0.29600000000000004,Low Priority,0.0,Low,Monitor,Monitor
A-bcf664,Company_248,DevTools,Pro,0.26633692,Low,0.6070000000000001,High Priority,0.0,Low,Monitor,Monitor
A-90a8c8,Company_249,FinTech,Pro,0.23496269,Low,0.5043333333333333,Medium Priority,0.0,Low,Monitor,Monitor
A-86cdb4,Company_250,DevTools,Basic,0.01037258,Low,0.6120000000000001,High Priority,0.0,Low,Monitor,Monitor
A-4bfa33,Company_251,Cybersecurity,Basic,0.026762009,Low,0.41866666666666663,Medium Priority,0.0,Low,Monitor,Monitor
A-dbc825,Company_252,EdTech,Enterprise,0.0325832,Low,0.41400000000000003,Medium Priority,1.0,Low,Escalation Risk,Monitor
A-c70870,Company_253,Cybersecurity,Basic,0.070701264,Low,0.6,Medium Priority,0.0,Low,Monitor,Monitor
A-7c4956,Company_254,DevTools,Enterprise,0.09751211,Low,0.48933333333333334,Medium Priority,0.0,Low,Monitor,Monitor
A-0651a4,Company_255,HealthTech,Pro,0.02593793,Low,0.4136666666666666,Medium Priority,0.0,Low,Monitor,Monitor
A-3ce5b8,Company_256,FinTech,Basic,0.23823455,Low,0.29200000000000004,Low Priority,1.0,Low,Escalation Risk,Monitor
A-bd4708,Company_257,FinTech,Pro,0.05018369,Low,0.6976666666666668,High Priority,0.0,Low,Monitor,Monitor
A-993085,Company_258,HealthTech,Basic,0.026112203,Low,0.31600000000000006,Medium Priority,0.0,Low,Monitor,Monitor
A-92a3af,Company_259,Cybersecurity,Enterprise,0.0069251237,Low,0.48933333333333334,Medium Priority,0.0,Low,Monitor,Monitor
A-151c9a,Company_260,FinTech,Enterprise,0.04383776,Low,0.7066666666666667,High Priority,0.0,Low,Healthy,Monitor
A-474ad4,Company_261,EdTech,Basic,0.032120936,Low,0.6120000000000001,High Priority,0.0,Low,Monitor,Monitor
A-4ef964,Company_262,HealthTech,Pro,0.09218636,Low,0.5556666666666668,Medium Priority,0.0,Low,Monitor,Monitor
A-fd9422,Company_263,Cybersecurity,Pro,0.109244645,Low,0.6736666666666666,High Priority,1.0,Low,Escalation Risk,Monitor
A-0baac2,Company_264,FinTech,Enterprise,0.95401835,High,0.39,Medium Priority,1.0,Low,Escalation Risk,URGENT: Rescue Call
A-bb1486,Company_265,HealthTech,Basic,0.36833543,Medium,0.6,Medium Priority,0.0,Low,Monitor,Monitor
A-560d27,Company_266,DevTools,Pro,0.0205647,Low,0.45566666666666666,Medium Priority,0.0,Low,Monitor,Monitor
A-0b0d6d,Company_267,DevTools,Pro,0.030321151,Low,0.4136666666666666,Medium Priority,0.0,Low,Monitor,Monitor
A-2789e3,Company_268,FinTech,Enterprise,0.059049394,Low,0.48933333333333334,Medium Priority,0.0,Low,Monitor,Monitor
A-b07346,Company_269,HealthTech,Pro,0.951543,High,0.5556666666666668,Medium Priority,0.0,Low,Monitor,URGENT: Rescue Call
A-902ef7,Company_270,HealthTech,Enterprise,0.91950285,High,0.7973333333333334,High Priority,0.0,Low,Healthy,URGENT: Rescue Call
A-20736a,Company_271,EdTech,Enterprise,0.021817243,Low,0.734,High Priority,0.0,Low,Monitor,Monitor
A-e4bf56,Company_272,HealthTech,Pro,0.937371,High,0.767,High Priority,1.0,Low,Escalation Risk,URGENT: Rescue Call
A-cea1f0,Company_273,FinTech,Pro,0.113238275,Low,0.31100000000000005,Medium Priority,0.0,Low,Monitor,Monitor
A-ef84cf,Company_274,EdTech,Enterprise,0.088365756,Low,0.3986666666666666,Medium Priority,0.0,Low,Monitor,Monitor
A-d49cc5,Company_275,Cybersecurity,Basic,0.026782261,Low,0.6,Medium Priority,0.0,Low,Monitor,Monitor
A-67be94,Company_276,EdTech,Enterprise,0.011818277,Low,0.58,Medium Priority,0.0,Low,Monitor,Monitor
A-4e960a,Company_277,FinTech,Enterprise,0.9290149,High,0.5680000000000001,Medium Priority,1.0,Low,Escalation Risk,URGENT: Rescue Call
A-c37cab,Company_278,Cybersecurity,Pro,0.051262677,Low,0.31100000000000005,Medium Priority,0.0,Low,Monitor,Monitor
A-533452,Company_279,DevTools,Pro,0.05871002,Low,0.4136666666666666,Medium Priority,0.0,Low,Monitor,Monitor
A-443b7c,Company_280,Cybersecurity,Enterprise,0.0595208,Low,0.4653333333333333,Medium Priority,1.0,Low,Escalation Risk,Monitor
A-1f7acb,Company_281,FinTech,Basic,0.06099531,Low,0.7693333333333334,High Priority,1.0,Low,Escalation Risk,Upsell Meeting
A-f51f16,Company_282,HealthTech,Enterprise,0.5485611,Medium,0.48933333333333334,Medium Priority,0.0,Low,Monitor,Check-in Call
A-5a3eb9,Company_283,DevTools,Enterprise,0.08838354,Low,0.438,Medium Priority,0.0,Low,Monitor,Monitor
A-5f2961,Company_284,HealthTech,Basic,0.0584548,Low,0.44266666666666665,Medium Priority,0.0,Low,Healthy,Monitor
A-417d2f,Company_285,Cybersecurity,Pro,0.0545513,Low,0.48033333333333333,Medium Priority,0.98,Low,Escalation Risk,Monitor
A-e98302,Company_286,EdTech,Enterprise,0.16932045,Low,0.31400000000000006,Medium Priority,1.0,Low,Escalation Risk,Monitor
A-8bde0c,Company_287,DevTools,Basic,0.1352082,Low,0.46066666666666667,Medium Priority,0.0,Low,Monitor,Monitor
A-bcf87c,Company_288,FinTech,Pro,0.9657331,High,0.3350000000000001,Medium Priority,0.0,Low,Healthy,URGENT: Rescue Call
A-54ecc2,Company_289,Cybersecurity,Enterprise,0.05100377,Low,0.29600000000000004,Low Priority,0.0,Low,Monitor,Monitor
A-625d0b,Company_290,EdTech,Basic,0.08798034,Low,0.41866666666666663,Medium Priority,0.0,Low,Monitor,Monitor
A-fce879,Company_291,EdTech,Pro,0.9682824,High,0.3350000000000001,Medium Priority,0.0,Low,Healthy,URGENT: Rescue Call
A-b07b56,Company_292,DevTools,Pro,0.9140201,High,0.6463333333333333,High Priority,0.0,Low,Monitor,URGENT: Rescue Call
A-6da850,Company_293,FinTech,Pro,0.07701053,Low,0.5043333333333333,Medium Priority,0.0,Low,Monitor,Monitor
A-342303,Company_294,EdTech,Pro,0.017025586,Low,0.465,Medium Priority,0.0,Low,Monitor,Monitor
A-e7a1e2,Company_295,Cybersecurity,Enterprise,0.034360383,Low,0.32000000000000006,Medium Priority,0.0,Low,Healthy,Monitor
A-f1f639,Company_296,EdTech,Basic,0.033079863,Low,0.29200000000000004,Low Priority,1.0,Low,Escalation Risk,Monitor
A-a865bd,Company_297,Cybersecurity,Pro,0.037357364,Low,0.519,Medium Priority,0.0,Low,Healthy,Monitor
A-4e631b,Company_298,FinTech,Enterprise,0.0077558747,Low,0.5553333333333335,Medium Priority,0.0,Low,Healthy,Monitor
A-7f6b86,Company_299,HealthTech,Basic,0.94782835,High,0.48533333333333334,Medium Priority,1.0,Low,Escalation Risk,URGENT: Rescue Call
A-8adedc,Company_300,EdTech,Basic,0.9308465,High,0.31600000000000006,Medium Priority,0.0,Low,Monitor,URGENT: Rescue Call
A-2edab2,Company_301,HealthTech,Enterprise,0.07130568,Low,0.734,High Priority,0.0,Low,Monitor,Monitor
A-149a69,Company_302,DevTools,Basic,0.05308847,Low,0.43400000000000005,Medium Priority,1.0,Low,Escalation Risk,Monitor
A-a6d261,Company_303,FinTech,Pro,0.014534508,Low,0.5043333333333333,Medium Priority,0.0,Low,Monitor,Monitor
A-443f6f,Company_304,Cybersecurity,Basic,0.07920665,Low,0.6513333333333333,High Priority,0.0,Low,Monitor,Monitor
A-202b67,Company_305,HealthTech,Pro,0.30016157,Medium,0.6070000000000001,High Priority,0.0,Low,Monitor,Monitor
A-00bed1,Company_306,Cybersecurity,Basic,0.08685604,Low,0.5093333333333333,Medium Priority,0.0,Low,Monitor,Monitor
A-ffc04f,Company_307,EdTech,Pro,0.10799583,Low,0.5830000000000001,Medium Priority,1.0,Low,Escalation Risk,Monitor
A-65c341,Company_308,FinTech,Pro,0.039300658,Low,0.4136666666666666,Medium Priority,0.0,Low,Monitor,Monitor
A-dcc2f0,Company_309,FinTech,Basic,0.08027713,Low,0.778,High Priority,0.0,Low,Healthy,Upsell Meeting
A-ced9aa,Company_310,DevTools,Enterprise,0.1797957,Low,0.272,Low Priority,1.0,Low,Escalation Risk,Monitor
A-3d957b,Company_311,HealthTech,Pro,0.123066984,Low,0.6070000000000001,High Priority,0.0,Low,Monitor,Monitor
A-89ee83,Company_312,Cybersecurity,Pro,0.89920604,High,0.3623333333333334,Medium Priority,0.0,Low,Monitor,URGENT: Rescue Call
A-883b7d,Company_313,Cybersecurity,Basic,0.0372751,Low,0.5880000000000001,Medium Priority,1.0,Low,Escalation Risk,Monitor
A-dcc3f1,Company_314,HealthTech,Pro,0.07534336,Low,0.3896666666666667,Medium Priority,1.0,Low,Escalation Risk,Monitor
A-c62e55,Company_315,EdTech,Basic,0.02500429,Low,0.5093333333333333,Medium Priority,0.0,Low,Monitor,Monitor
A-e4144b,Company_316,EdTech,Pro,0.1178531,Low,0.7883333333333334,High Priority,0.0,Low,Monitor,Upsell Meeting
A-e40f45,Company_317,HealthTech,Pro,0.03491879,Low,0.6223333333333334,High Priority,1.0,Low,Escalation Risk,Monitor
A-96215d,Company_318,FinTech,Enterprise,0.016592983,Low,0.362,Medium Priority,0.0,Low,Healthy,Monitor
A-2b9d3e,Company_319,EdTech,Enterprise,0.30891857,Medium,0.29600000000000004,Low Priority,0.0,Low,Monitor,Monitor
A-b7724f,Company_320,HealthTech,Basic,0.020501008,Low,0.31600000000000006,Medium Priority,0.0,Low,Monitor,Monitor
A-310452,Company_321,DevTools,Enterprise,0.008570939,Low,0.33799999999999997,Medium Priority,0.0,Low,Monitor,Monitor
A-eb1312,Company_322,FinTech,Pro,0.079617284,Low,0.9149999999999999,High Priority,0.0,Low,Healthy,Upsell Meeting
A-df1e44,Company_323,Cybersecurity,Enterprise,0.14761592,Low,0.32000000000000006,Medium Priority,0.0,Low,Healthy,Monitor
A-6a7c9d,Company_324,Cybersecurity,Enterprise,0.9427722,High,0.734,High Priority,0.0,Low,Monitor,URGENT: Rescue Call
A-cbd1a3,Company_325,DevTools,Basic,0.913088,High,0.41866666666666663,Medium Priority,0.0,Low,Monitor,URGENT: Rescue Call
A-a8d89d,Company_326,EdTech,Pro,0.034485154,Low,0.377,Medium Priority,0.0,Low,Healthy,Monitor
A-600734,Company_327,DevTools,Pro,0.9656651,High,0.8670000000000001,High Priority,1.0,Low,Escalation Risk,URGENT: Rescue Call
A-86fc1d,Company_328,DevTools,Basic,0.031641297,Low,0.5513333333333335,Medium Priority,0.0,Low,Monitor,Monitor
A-78f02b,Company_329,HealthTech,Enterprise,0.12968218,Low,0.3986666666666666,Medium Priority,0.0,Low,Monitor,Monitor
A-acb7f7,Company_330,EdTech,Basic,0.23183532,Low,0.7933333333333334,High Priority,0.0,Low,Monitor,Upsell Meeting
A-712f1c,Company_331,DevTools,Basic,0.95658267,High,0.6273333333333334,High Priority,1.0,Low,Escalation Risk,URGENT: Rescue Call
A-3793ee,Company_332,Cybersecurity,Enterprise,0.03637586,Low,0.58,Medium Priority,0.0,Low,Monitor,Monitor
A-9a532a,Company_333,HealthTech,Enterprise,0.11074708,Low,0.6580000000000001,High Priority,0.0,Low,Healthy,Monitor
A-2ebb4b,Company_334,HealthTech,Basic,0.07382288,Low,0.9199999999999999,High Priority,0.0,Low,Healthy,Upsell Meeting
A-6843f2,Company_335,HealthTech,Enterprise,0.03031937,Low,0.6553333333333333,High Priority,0.0,Low,Healthy,Monitor
A-c9bb3e,Company_336,EdTech,Pro,0.69737625,High,0.28700000000000003,Low Priority,1.0,Low,Escalation Risk,Proactive Support
A-4814a3,Company_337,Cybersecurity,Basic,0.9165322,High,0.7933333333333334,High Priority,0.0,Low,Monitor,URGENT: Rescue Call
A-b7b7b7,Company_338,FinTech,Basic,0.9351694,High,0.458,Medium Priority,0.0,Low,Monitor,URGENT: Rescue Call
A-ccc747,Company_339,HealthTech,Pro,0.9580118,High,0.31100000000000005,Medium Priority,0.0,Low,Monitor,URGENT: Rescue Call
A-bb3bd4,Company_340,HealthTech,Basic,0.120851584,Low,0.6786666666666666,High Priority,1.0,Low,Escalation Risk,Monitor
A-09316c,Company_341,FinTech,Enterprise,0.05261119,Low,0.6826666666666668,High Priority,0.0,Low,Monitor,Monitor
A-96bbc6,Company_342,Cybersecurity,Enterprise,0.59611124,Medium,0.8759999999999999,High Priority,0.0,Low,Monitor,Upsell Meeting
A-bc4d48,Company_343,EdTech,Pro,0.119696714,Low,0.48033333333333333,Medium Priority,1.0,Low,Escalation Risk,Monitor
A-b30291,Company_344,HealthTech,Basic,0.9380876,High,0.5333333333333334,Medium Priority,0.0,Low,Healthy,URGENT: Rescue Call
A-cdf020,Company_345,DevTools,Pro,0.052739076,Low,0.5556666666666668,Medium Priority,0.0,Low,Monitor,Monitor
A-e6afc1,Company_346,DevTools,Pro,0.008859703,Low,0.3896666666666667,Medium Priority,0.0,Low,,Monitor
A-e3bd71,Company_347,Cybersecurity,Basic,0.072160155,Low,0.41866666666666663,Medium Priority,0.0,Low,Monitor,Monitor
A-b179bf,Company_348,Cybersecurity,Basic,0.28373164,Low,0.8720000000000001,High Priority,1.0,Low,Escalation Risk,Upsell Meeting
A-098560,Company_349,DevTools,Enterprise,0.94310004,High,0.32000000000000006,Medium Priority,0.0,Low,Healthy,URGENT: Rescue Call
A-82861f,Company_350,DevTools,Basic,0.04503016,Low,0.8959999999999999,High Priority,0.0,Low,Monitor,Upsell Meeting
A-94c3cd,Company_351,FinTech,Enterprise,0.064917654,Low,0.6313333333333333,High Priority,0.0,Low,Monitor,Monitor
A-a33200,Company_352,HealthTech,Basic,0.49768877,Medium,0.7026666666666668,High Priority,0.0,Low,Monitor,Check-in Call
A-034368,Company_353,EdTech,Enterprise,0.06095292,Low,0.48933333333333334,Medium Priority,0.0,Low,Monitor,Monitor
A-b54c01,Company_354,DevTools,Enterprise,0.02424016,Low,0.6826666666666668,High Priority,0.0,Low,Monitor,Monitor
A-d82ef9,Company_355,EdTech,Basic,0.13535178,Low,0.8959999999999999,High Priority,0.0,Low,Monitor,Upsell Meeting
A-bb2f49,Company_356,Cybersecurity,Pro,0.22606401,Low,0.6070000000000001,High Priority,0.0,Low,Monitor,Monitor
A-1f559b,Company_357,HealthTech,Enterprise,0.96821624,High,0.3986666666666666,Medium Priority,0.0,Low,Monitor,URGENT: Rescue Call
A-5a215a,Company_358,EdTech,Enterprise,0.033094935,Low,0.6826666666666668,High Priority,0.0,Low,Monitor,Monitor
A-3f9cc0,Company_359,HealthTech,Basic,0.0196923,Low,0.7933333333333334,High Priority,0.0,Low,Monitor,Upsell Meeting
A-f9cc74,Company_360,DevTools,Enterprise,0.69615674,High,0.6100000000000001,High Priority,1.0,Low,Escalation Risk,Proactive Support
A-ed510f,Company_361,Cybersecurity,Basic,0.011888789,Low,0.5760000000000001,Medium Priority,1.0,Low,Escalation Risk,Monitor
A-5c9849,Company_362,EdTech,Basic,0.027905935,Low,0.6513333333333333,High Priority,0.0,Low,Monitor,Monitor
A-a7bd4b,Company_363,Cybersecurity,Enterprise,0.625523,High,0.4653333333333333,Medium Priority,1.0,Low,Escalation Risk,Proactive Support
A-d4ac0e,Company_364,DevTools,Basic,0.08302469,Low,0.6513333333333333,High Priority,0.0,Low,Monitor,Monitor
A-ffdfd5,Company_365,EdTech,Basic,0.9357194,High,0.29200000000000004,Low Priority,0.0,Low,,URGENT: Rescue Call
A-0dbdc6,Company_366,Cybersecurity,Pro,0.9254997,High,0.7883333333333334,High Priority,0.0,Low,Monitor,URGENT: Rescue Call
A-7cfe77,Company_367,DevTools,Pro,0.03188286,Low,0.8670000000000001,High Priority,1.0,Low,Escalation Risk,Upsell Meeting
A-1f0636,Company_368,EdTech,Pro,0.04356394,Low,0.6190000000000001,High Priority,0.0,Low,Healthy,Monitor
A-40de06,Company_369,Cybersecurity,Enterprise,0.9589557,High,0.29600000000000004,Low Priority,0.0,Low,Monitor,URGENT: Rescue Call
A-cb5333,Company_370,DevTools,Pro,0.098261416,Low,0.8909999999999999,High Priority,0.0,Low,Monitor,Upsell Meeting
A-309e54,Company_371,DevTools,Pro,0.020624725,Low,0.353,Medium Priority,0.0,Low,Monitor,Monitor
A-6e7827,Company_372,DevTools,Basic,0.03588525,Low,0.49400000000000005,Medium Priority,0.0,Low,Healthy,Monitor
A-50bb9f,Company_373,Cybersecurity,Pro,0.02716183,Low,0.3896666666666667,Medium Priority,1.0,Low,Escalation Risk,Monitor
A-5fe118,Company_374,Cybersecurity,Enterprise,0.0516395,Low,0.6040000000000001,High Priority,0.0,Low,Healthy,Monitor
A-5247b3,Company_375,FinTech,Pro,0.031684563,Low,0.749,High Priority,0.0,Low,Monitor,Monitor
A-f44180,Company_376,Cybersecurity,Pro,0.07377974,Low,0.43766666666666665,Medium Priority,0.0,Low,Healthy,Monitor
A-c16cf7,Company_377,EdTech,Pro,0.06043438,Low,0.5043333333333333,Medium Priority,0.0,Low,Monitor,Monitor
A-d42431,Company_378,FinTech,Enterprise,0.17174275,Low,0.6826666666666668,High Priority,0.0,Low,Monitor,Monitor
A-6965e1,Company_379,DevTools,Basic,0.05965416,Low,0.6513333333333333,High Priority,0.0,Low,Monitor,Monitor
A-0354fe,Company_380,Cybersecurity,Basic,0.099031754,Low,0.6,Medium Priority,0.0,Low,Monitor,Monitor
A-0a62f5,Company_381,FinTech,Pro,0.090452574,Low,0.43766666666666665,Medium Priority,0.0,Low,Healthy,Monitor
A-f5641b,Company_382,EdTech,Pro,0.022309778,Low,0.8909999999999999,High Priority,0.0,Low,Monitor,Upsell Meeting
A-b44e3e,Company_383,Cybersecurity,Basic,0.046571966,Low,0.7026666666666668,High Priority,0.0,Low,Monitor,Monitor
A-3b37d9,Company_384,FinTech,Enterprise,0.1284498,Low,0.48933333333333334,Medium Priority,0.0,Low,Monitor,Monitor
A-54d94a,Company_385,Cybersecurity,Basic,0.18084796,Low,0.7026666666666668,High Priority,0.0,Low,Monitor,Monitor
A-7f29a7,Company_386,Cybersecurity,Basic,0.15690264,Low,0.778,High Priority,0.0,Low,Healthy,Upsell Meeting
A-089363,Company_387,FinTech,Basic,0.04631384,Low,0.31600000000000006,Medium Priority,0.0,Low,Monitor,Monitor
A-524364,Company_388,DevTools,Enterprise,0.014444778,Low,0.5920000000000001,Medium Priority,0.0,Low,Monitor,Monitor
A-855a48,Company_389,EdTech,Pro,0.019904025,Low,0.5556666666666668,Medium Priority,0.0,Low,Monitor,Monitor
A-756192,Company_390,FinTech,Basic,0.3956951,Medium,0.358,Medium Priority,0.0,Low,Monitor,Monitor
A-49b828,Company_391,FinTech,Pro,0.1339962,Low,0.31100000000000005,Medium Priority,0.0,Low,Monitor,Monitor
A-c7ffc2,Company_392,Cybersecurity,Pro,0.10294437,Low,0.3350000000000001,Medium Priority,0.0,Low,Healthy,Monitor
A-751c58,Company_393,FinTech,Basic,0.03316051,Low,0.6513333333333333,High Priority,0.0,Low,Monitor,Monitor
A-72799b,Company_394,DevTools,Enterprise,0.93684524,High,0.42266666666666663,Medium Priority,0.0,Low,Healthy,URGENT: Rescue Call
A-812c5b,Company_395,DevTools,Basic,0.13490883,Low,0.8959999999999999,High Priority,0.0,Low,Monitor,Upsell Meeting
A-69b156,Company_396,EdTech,Pro,0.93941516,High,0.3896666666666667,Medium Priority,1.0,Low,Escalation Risk,URGENT: Rescue Call
A-075038,Company_397,HealthTech,Basic,0.23536906,Low,0.3400000000000001,Medium Priority,0.0,Low,Healthy,Monitor
A-940b8b,Company_398,HealthTech,Basic,0.03913755,Low,0.5093333333333333,Medium Priority,0.0,Low,Monitor,Monitor
A-2d1036,Company_399,FinTech,Pro,0.11657182,Low,0.7883333333333334,High Priority,0.0,Low,Monitor,Upsell Meeting
A-0f6450,Company_400,FinTech,Pro,0.9642628,High,0.5710000000000001,Medium Priority,1.0,Low,Escalation Risk,URGENT: Rescue Call
A-9affe6,Company_401,Cybersecurity,Pro,0.70895565,High,0.31100000000000005,Medium Priority,0.0,Low,Monitor,URGENT: Rescue Call
A-80eeb6,Company_402,Cybersecurity,Enterprise,0.011919789,Low,0.58,Medium Priority,0.0,Low,Monitor,Monitor
A-d4e0d4,Company_403,FinTech,Basic,0.29756674,Low,0.7933333333333334,High Priority,0.0,Low,Monitor,Upsell Meeting
A-c7e58b,Company_404,HealthTech,Pro,0.08464265,Low,0.5043333333333333,Medium Priority,0.0,Low,Monitor,Monitor
A-016043,Company_405,EdTech,Basic,0.17488062,Low,0.41866666666666663,Medium Priority,0.0,Low,Monitor,Monitor
A-bbe56f,Company_406,HealthTech,Enterprise,0.019300904,Low,0.5920000000000001,Medium Priority,0.0,Low,Monitor,Monitor
A-7c5768,Company_407,HealthTech,Enterprise,0.008684697,Low,0.5920000000000001,Medium Priority,0.0,Low,Monitor,Monitor
A-751bd4,Company_408,Cybersecurity,Pro,0.053561185,Low,0.5223333333333334,Medium Priority,1.0,Low,Escalation Risk,Monitor
A-4e0e85,Company_409,DevTools,Enterprise,0.033715915,Low,0.6160000000000001,High Priority,0.0,Low,Healthy,Monitor
A-ad3abd,Company_410,FinTech,Pro,0.14095272,Low,0.595,Medium Priority,0.0,Low,Monitor,Monitor
A-e19ff6,Company_411,Cybersecurity,Enterprise,0.04636508,Low,0.29600000000000004,Low Priority,0.0,Low,Monitor,Monitor
A-7920cc,Company_412,Cybersecurity,Pro,0.019680627,Low,0.6736666666666666,High Priority,1.0,Low,Escalation Risk,Monitor
A-5a92e7,Company_413,HealthTech,Pro,0.056561895,Low,0.28700000000000003,Low Priority,1.0,Low,Escalation Risk,Monitor
A-fdfc91,Company_414,Cybersecurity,Basic,0.09363085,Low,0.6513333333333333,High Priority,0.0,Low,Monitor,Monitor
A-1e50e0,Company_415,Cybersecurity,Pro,0.9410825,High,0.773,High Priority,0.0,Low,Healthy,URGENT: Rescue Call
A-1e1b80,Company_416,FinTech,Enterprise,0.0111097945,Low,0.556,Medium Priority,1.0,Low,Escalation Risk,Monitor
A-659280,Company_417,FinTech,Enterprise,0.3572535,Medium,0.29600000000000004,Low Priority,0.0,Low,Monitor,Monitor
A-f6b2fb,Company_418,DevTools,Basic,0.010809446,Low,0.46066666666666667,Medium Priority,0.0,Low,Monitor,Monitor
A-cb6cc6,Company_419,DevTools,Basic,0.03034669,Low,0.754,High Priority,0.0,Low,Monitor,Upsell Meeting
A-d62e02,Company_420,Cybersecurity,Pro,0.0921079,Low,0.43766666666666665,Medium Priority,0.0,Low,Healthy,Monitor
A-d535f6,Company_421,DevTools,Basic,0.92648745,High,0.48533333333333334,Medium Priority,0.0,Low,,URGENT: Rescue Call
A-39868b,Company_422,FinTech,Pro,0.04584098,Low,0.28700000000000003,Low Priority,1.0,Low,Escalation Risk,Monitor
A-3cc791,Company_423,EdTech,Enterprise,0.055063218,Low,0.272,Low Priority,1.0,Low,Escalation Risk,Monitor
A-337bc1,Company_424,Cybersecurity,Pro,0.07978193,Low,0.749,High Priority,0.0,Low,Monitor,Monitor
A-58b9ff,Company_425,DevTools,Enterprise,0.01729294,Low,0.6160000000000001,High Priority,0.0,Low,Healthy,Monitor
A-bf7919,Company_426,HealthTech,Pro,0.04125737,Low,0.3350000000000001,Medium Priority,0.0,Low,Healthy,Monitor
A-1d5444,Company_427,Cybersecurity,Basic,0.9485068,High,0.778,High Priority,0.0,Low,Healthy,URGENT: Rescue Call
A-0f3e88,Company_428,HealthTech,Basic,0.9254036,High,0.5093333333333333,Medium Priority,0.0,Low,Monitor,URGENT: Rescue Call
A-7641d3,Company_429,EdTech,Pro,0.4024486,Medium,0.6070000000000001,High Priority,0.0,Low,Monitor,Check-in Call
A-cd458b,Company_430,DevTools,Basic,0.01227808,Low,0.41866666666666663,Medium Priority,0.0,Low,Monitor,Monitor
A-c16b88,Company_431,HealthTech,Enterprise,0.26437065,Low,0.48933333333333334,Medium Priority,0.0,Low,Monitor,Monitor
A-59f724,Company_432,HealthTech,Enterprise,0.34992927,Medium,0.3986666666666666,Medium Priority,0.0,Low,Monitor,Monitor
A-87aa7b,Company_433,HealthTech,Pro,0.059089843,Low,0.6463333333333333,High Priority,0.0,Low,Monitor,Monitor
A-1e6fc3,Company_434,EdTech,Pro,0.028714836,Low,0.16900000000000004,Low Priority,0.0,Low,Monitor,Monitor
A-39ddf4,Company_435,EdTech,Enterprise,0.032381658,Low,0.58,Medium Priority,0.0,Low,Monitor,Monitor
A-34ea2f,Company_436,HealthTech,Enterprise,0.9543009,High,0.3746666666666667,Medium Priority,1.0,Low,Escalation Risk,URGENT: Rescue Call
A-716841,Company_437,FinTech,Pro,0.010713844,Low,0.5463333333333334,Medium Priority,0.0,Low,Monitor,Monitor
A-558c72,Company_438,FinTech,Basic,0.49227914,Medium,0.458,Medium Priority,0.0,Low,Monitor,Check-in Call
A-b11cd0,Company_439,DevTools,Pro,0.09870651,Low,0.6463333333333333,High Priority,0.0,Low,Monitor,Monitor
A-cc1d8d,Company_440,FinTech,Pro,0.03259166,Low,0.6070000000000001,High Priority,0.0,Low,Monitor,Monitor
A-7f4db3,Company_441,FinTech,Pro,0.07532042,Low,0.31100000000000005,Medium Priority,0.0,Low,Monitor,Monitor
A-db5e9e,Company_442,DevTools,Basic,0.067410424,Low,0.5333333333333334,Medium Priority,0.0,Low,Healthy,Monitor
A-cc102e,Company_443,HealthTech,Enterprise,0.38072413,Medium,0.3986666666666666,Medium Priority,0.0,Low,Monitor,Monitor
A-82d8a6,Company_444,Cybersecurity,Basic,0.04605641,Low,0.6120000000000001,High Priority,0.0,Low,Monitor,Monitor
A-dec005,Company_445,HealthTech,Pro,0.044394713,Low,0.6190000000000001,High Priority,0.0,Low,Healthy,Monitor
A-5790f4,Company_446,FinTech,Pro,0.08648362,Low,0.5043333333333333,Medium Priority,0.0,Low,Monitor,Monitor
A-7c83a1,Company_447,Cybersecurity,Pro,0.07580424,Low,0.6070000000000001,High Priority,0.0,Low,Monitor,Monitor
A-297a2d,Company_448,HealthTech,Pro,0.06042082,Low,0.6310000000000001,High Priority,0.0,Low,Healthy,Monitor
A-4c56c9,Company_449,FinTech,Enterprise,0.9322198,High,0.48933333333333334,Medium Priority,0.0,Low,Monitor,URGENT: Rescue Call
A-cbbe12,Company_450,Cybersecurity,Enterprise,0.10154468,Low,0.6586666666666666,High Priority,1.0,Low,Escalation Risk,Monitor
A-4a267b,Company_451,FinTech,Pro,0.024563733,Low,0.6463333333333333,High Priority,0.0,Low,Monitor,Monitor
A-bcbe98,Company_452,Cybersecurity,Enterprise,0.085589446,Low,0.8520000000000001,High Priority,1.0,Low,Escalation Risk,Upsell Meeting
A-427b69,Company_453,FinTech,Basic,0.08426532,Low,0.5333333333333334,Medium Priority,0.0,Low,Healthy,Monitor
A-0be015,Company_454,FinTech,Pro,0.08230882,Low,0.42900000000000005,Medium Priority,1.0,Low,Escalation Risk,Monitor
A-054577,Company_455,EdTech,Basic,0.06487014,Low,0.6360000000000001,High Priority,0.0,Low,Healthy,Monitor
A-bc87bc,Company_456,FinTech,Pro,0.026106952,Low,0.48033333333333333,Medium Priority,1.0,Low,Escalation Risk,Monitor
A-0f7d77,Company_457,FinTech,Pro,0.007915904,Low,0.5043333333333333,Medium Priority,0.0,Low,Monitor,Monitor
A-e7beab,Company_458,EdTech,Enterprise,0.3712922,Medium,0.272,Low Priority,1.0,Low,Escalation Risk,Monitor
A-a09355,Company_459,FinTech,Basic,0.0057873204,Low,0.5093333333333333,Medium Priority,0.0,Low,Monitor,Monitor
A-31ab9a,Company_460,FinTech,Pro,0.016748542,Low,0.3896666666666667,Medium Priority,1.0,Low,Escalation Risk,Monitor
A-0158bb,Company_461,FinTech,Basic,0.08164221,Low,0.5333333333333334,Medium Priority,0.0,Low,Healthy,Monitor
A-f19b24,Company_462,Cybersecurity,Pro,0.019765066,Low,0.595,Medium Priority,0.0,Low,Healthy,Monitor
A-798a3f,Company_463,DevTools,Enterprise,0.9227483,High,0.5313333333333334,Medium Priority,0.0,Low,Monitor,URGENT: Rescue Call
A-42b791,Company_464,FinTech,Pro,0.010388952,Low,0.6070000000000001,High Priority,0.0,Low,Monitor,Monitor
A-068fc6,Company_465,EdTech,Enterprise,0.033564765,Low,0.58,Medium Priority,0.0,Low,Monitor,Monitor
A-6f50ae,Company_466,FinTech,Pro,0.94014823,High,0.6070000000000001,High Priority,0.0,Low,Monitor,URGENT: Rescue Call
A-a2485e,Company_467,FinTech,Pro,0.051483825,Low,0.3896666666666667,Medium Priority,0.0,Low,,Monitor
A-bb1eaa,Company_468,Cybersecurity,Basic,0.005267784,Low,0.6300000000000001,High Priority,1.0,Low,Escalation Risk,Monitor
A-cc98bc,Company_469,DevTools,Basic,0.014147451,Low,0.8959999999999999,High Priority,0.0,Low,Monitor,Upsell Meeting
A-d77f4c,Company_470,DevTools,Pro,0.073878355,Low,0.5283333333333334,Medium Priority,0.0,Low,Healthy,Monitor
A-ccabf0,Company_471,HealthTech,Pro,0.035606656,Low,0.5043333333333333,Medium Priority,0.0,Low,Monitor,Monitor
A-700ade,Company_472,Cybersecurity,Enterprise,0.030409874,Low,0.45,Medium Priority,0.0,Low,Monitor,Monitor
A-4a4c2d,Company_473,DevTools,Enterprise,0.019147396,Low,0.6826666666666668,High Priority,0.0,Low,Monitor,Monitor
A-b7ef83,Company_474,Cybersecurity,Pro,0.007931305,Low,0.43766666666666665,Medium Priority,0.0,Low,Healthy,Monitor
A-e08cd3,Company_475,FinTech,Pro,0.087330125,Low,0.7643333333333334,High Priority,1.0,Low,Escalation Risk,Upsell Meeting
A-19b2c8,Company_476,DevTools,Pro,0.06486525,Low,0.6490000000000001,High Priority,0.0,Low,Monitor,Monitor
A-970c97,Company_477,HealthTech,Enterprise,0.04912856,Low,0.758,High Priority,0.0,Low,Healthy,Upsell Meeting
A-6dee43,Company_478,FinTech,Basic,0.30562136,Medium,0.6120000000000001,High Priority,0.0,Low,Monitor,Monitor
A-5ed98d,Company_479,DevTools,Basic,0.03461863,Low,0.5606666666666668,Medium Priority,0.0,Low,Monitor,Monitor
A-c58f49,Company_480,EdTech,Enterprise,0.031418018,Low,0.8759999999999999,High Priority,0.0,Low,Monitor,Upsell Meeting
A-9c18c4,Company_481,HealthTech,Pro,0.9449072,High,0.31100000000000005,Medium Priority,0.0,Low,Monitor,URGENT: Rescue Call
A-cc8c8f,Company_482,DevTools,Enterprise,0.022056751,Low,0.7973333333333334,High Priority,0.0,Low,Healthy,Upsell Meeting
A-5f7781,Company_483,DevTools,Pro,0.07158969,Low,0.6190000000000001,High Priority,0.0,Low,Healthy,Monitor
A-e1b9cd,Company_484,DevTools,Pro,0.05415855,Low,0.5796666666666667,Medium Priority,0.0,Low,Healthy,Monitor
A-ac85cd,Company_485,EdTech,Enterprise,0.005294444,Low,0.6826666666666668,High Priority,0.0,Low,Monitor,Monitor
A-d792a6,Company_486,DevTools,Enterprise,0.04598892,Low,0.3986666666666666,Medium Priority,0.0,Low,Monitor,Monitor
A-ac9111,Company_487,HealthTech,Pro,0.053326525,Low,0.6463333333333333,High Priority,0.0,Low,Monitor,Monitor
A-18793f,Company_488,EdTech,Basic,0.024645464,Low,0.7026666666666668,High Priority,0.0,Low,Monitor,Monitor
A-9f0b68,Company_489,EdTech,Basic,0.046022974,Low,0.41866666666666663,Medium Priority,0.0,Low,Monitor,Monitor
A-d3c88e,Company_490,DevTools,Pro,0.10751628,Low,0.31100000000000005,Medium Priority,0.0,Low,Monitor,Monitor
A-ccb686,Company_491,DevTools,Basic,0.31450742,Medium,0.44266666666666665,Medium Priority,0.0,Low,Healthy,Monitor
A-118f1c,Company_492,Cybersecurity,Pro,0.03130097,Low,0.6190000000000001,High Priority,0.0,Low,Healthy,Monitor
A-0e966d,Company_493,FinTech,Basic,0.93218255,High,0.31600000000000006,Medium Priority,0.0,Low,Monitor,URGENT: Rescue Call
A-b9f5b1,Company_494,Cybersecurity,Pro,0.08608809,Low,0.6223333333333334,High Priority,1.0,Low,Escalation Risk,Monitor
A-8ae3fc,Company_495,DevTools,Pro,0.024489729,Low,0.5463333333333334,Medium Priority,0.0,Low,Monitor,Monitor
A-55f257,Company_496,FinTech,Basic,0.52201027,Medium,0.48533333333333334,Medium Priority,1.0,Low,Escalation Risk,Proactive Support
A-d26ab4,Company_497,DevTools,Basic,0.09645938,Low,0.44266666666666665,Medium Priority,0.0,Low,Healthy,Monitor
A-712533,Company_498,EdTech,Pro,0.39724317,Medium,0.4136666666666666,Medium Priority,0.0,Low,Monitor,Monitor
A-781cc0,Company_499,EdTech,Pro,0.16140634,Low,0.6490000000000001,High Priority,0.0,Low,Monitor,Monitor
